[
{
  "model": "admin.logentry",
  "pk": 1,
  "fields": {
    "action_time": "2024-05-28T07:47:15.700Z",
    "user": 1,
    "content_type": 7,
    "object_id": "1",
    "object_repr": "Kim był Django Reinhardt?",
    "action_flag": 1,
    "change_message": "[{\"added\": {}}]"
  }
},
{
  "model": "admin.logentry",
  "pk": 2,
  "fields": {
    "action_time": "2024-05-28T07:56:14.267Z",
    "user": 1,
    "content_type": 7,
    "object_id": "2",
    "object_repr": "Kto to Rafał Tomczyk?",
    "action_flag": 1,
    "change_message": "[{\"added\": {}}]"
  }
},
{
  "model": "admin.logentry",
  "pk": 3,
  "fields": {
    "action_time": "2024-05-28T08:53:59.733Z",
    "user": 1,
    "content_type": 7,
    "object_id": "2",
    "object_repr": "Kto to Rafał Tomczyk?",
    "action_flag": 2,
    "change_message": "[{\"changed\": {\"fields\": [\"Status\"]}}]"
  }
},
{
  "model": "admin.logentry",
  "pk": 4,
  "fields": {
    "action_time": "2024-05-28T12:46:32.798Z",
    "user": 1,
    "content_type": 7,
    "object_id": "4",
    "object_repr": "Kolejny post",
    "action_flag": 2,
    "change_message": "[{\"changed\": {\"fields\": [\"Status\"]}}]"
  }
},
{
  "model": "admin.logentry",
  "pk": 5,
  "fields": {
    "action_time": "2024-05-30T09:53:33.191Z",
    "user": 1,
    "content_type": 7,
    "object_id": "3",
    "object_repr": "Nowy, zmieniony tytul",
    "action_flag": 2,
    "change_message": "[{\"changed\": {\"fields\": [\"Status\"]}}]"
  }
},
{
  "model": "admin.logentry",
  "pk": 6,
  "fields": {
    "action_time": "2024-05-30T09:55:50.648Z",
    "user": 1,
    "content_type": 7,
    "object_id": "1",
    "object_repr": "Kim był Django Reinhardt?",
    "action_flag": 2,
    "change_message": "[{\"changed\": {\"fields\": [\"Status\"]}}]"
  }
},
{
  "model": "admin.logentry",
  "pk": 7,
  "fields": {
    "action_time": "2024-06-04T10:06:54.967Z",
    "user": 1,
    "content_type": 8,
    "object_id": "1",
    "object_repr": "Komentarz dodany przez Rafał Tomczyk dla posta Kto to Rafał Tomczyk?",
    "action_flag": 1,
    "change_message": "[{\"added\": {}}]"
  }
},
{
  "model": "admin.logentry",
  "pk": 8,
  "fields": {
    "action_time": "2024-06-04T14:29:18.260Z",
    "user": 1,
    "content_type": 7,
    "object_id": "2",
    "object_repr": "Kto to Rafał Tomczyk?",
    "action_flag": 2,
    "change_message": "[{\"changed\": {\"fields\": [\"Tags\"]}}]"
  }
},
{
  "model": "admin.logentry",
  "pk": 9,
  "fields": {
    "action_time": "2024-06-04T14:49:26.001Z",
    "user": 1,
    "content_type": 7,
    "object_id": "1",
    "object_repr": "Kim był Django Reinhardt?",
    "action_flag": 2,
    "change_message": "[{\"changed\": {\"fields\": [\"Tags\"]}}]"
  }
},
{
  "model": "admin.logentry",
  "pk": 10,
  "fields": {
    "action_time": "2024-06-05T09:47:24.493Z",
    "user": 1,
    "content_type": 7,
    "object_id": "5",
    "object_repr": "The Benefits of Mindfulness Meditation",
    "action_flag": 1,
    "change_message": "[{\"added\": {}}]"
  }
},
{
  "model": "admin.logentry",
  "pk": 11,
  "fields": {
    "action_time": "2024-06-05T09:48:04.514Z",
    "user": 1,
    "content_type": 7,
    "object_id": "6",
    "object_repr": "Exploring the Wonders of Nature: A Hike to Remember",
    "action_flag": 1,
    "change_message": "[{\"added\": {}}]"
  }
},
{
  "model": "admin.logentry",
  "pk": 12,
  "fields": {
    "action_time": "2024-06-05T09:48:42.323Z",
    "user": 1,
    "content_type": 7,
    "object_id": "7",
    "object_repr": "The Rise of Remote Work: Pros and Cons",
    "action_flag": 1,
    "change_message": "[{\"added\": {}}]"
  }
},
{
  "model": "admin.logentry",
  "pk": 13,
  "fields": {
    "action_time": "2024-06-05T09:48:53.911Z",
    "user": 1,
    "content_type": 7,
    "object_id": "7",
    "object_repr": "The Rise of Remote Work: Pros and Cons",
    "action_flag": 2,
    "change_message": "[{\"changed\": {\"fields\": [\"Status\"]}}]"
  }
},
{
  "model": "admin.logentry",
  "pk": 14,
  "fields": {
    "action_time": "2024-06-06T10:27:14.361Z",
    "user": 1,
    "content_type": 7,
    "object_id": "8",
    "object_repr": "To jest post sformatowany za pomocą składni markdown",
    "action_flag": 1,
    "change_message": "[{\"added\": {}}]"
  }
},
{
  "model": "auth.permission",
  "pk": 1,
  "fields": {
    "name": "Can add log entry",
    "content_type": 1,
    "codename": "add_logentry"
  }
},
{
  "model": "auth.permission",
  "pk": 2,
  "fields": {
    "name": "Can change log entry",
    "content_type": 1,
    "codename": "change_logentry"
  }
},
{
  "model": "auth.permission",
  "pk": 3,
  "fields": {
    "name": "Can delete log entry",
    "content_type": 1,
    "codename": "delete_logentry"
  }
},
{
  "model": "auth.permission",
  "pk": 4,
  "fields": {
    "name": "Can view log entry",
    "content_type": 1,
    "codename": "view_logentry"
  }
},
{
  "model": "auth.permission",
  "pk": 5,
  "fields": {
    "name": "Can add permission",
    "content_type": 2,
    "codename": "add_permission"
  }
},
{
  "model": "auth.permission",
  "pk": 6,
  "fields": {
    "name": "Can change permission",
    "content_type": 2,
    "codename": "change_permission"
  }
},
{
  "model": "auth.permission",
  "pk": 7,
  "fields": {
    "name": "Can delete permission",
    "content_type": 2,
    "codename": "delete_permission"
  }
},
{
  "model": "auth.permission",
  "pk": 8,
  "fields": {
    "name": "Can view permission",
    "content_type": 2,
    "codename": "view_permission"
  }
},
{
  "model": "auth.permission",
  "pk": 9,
  "fields": {
    "name": "Can add group",
    "content_type": 3,
    "codename": "add_group"
  }
},
{
  "model": "auth.permission",
  "pk": 10,
  "fields": {
    "name": "Can change group",
    "content_type": 3,
    "codename": "change_group"
  }
},
{
  "model": "auth.permission",
  "pk": 11,
  "fields": {
    "name": "Can delete group",
    "content_type": 3,
    "codename": "delete_group"
  }
},
{
  "model": "auth.permission",
  "pk": 12,
  "fields": {
    "name": "Can view group",
    "content_type": 3,
    "codename": "view_group"
  }
},
{
  "model": "auth.permission",
  "pk": 13,
  "fields": {
    "name": "Can add user",
    "content_type": 4,
    "codename": "add_user"
  }
},
{
  "model": "auth.permission",
  "pk": 14,
  "fields": {
    "name": "Can change user",
    "content_type": 4,
    "codename": "change_user"
  }
},
{
  "model": "auth.permission",
  "pk": 15,
  "fields": {
    "name": "Can delete user",
    "content_type": 4,
    "codename": "delete_user"
  }
},
{
  "model": "auth.permission",
  "pk": 16,
  "fields": {
    "name": "Can view user",
    "content_type": 4,
    "codename": "view_user"
  }
},
{
  "model": "auth.permission",
  "pk": 17,
  "fields": {
    "name": "Can add content type",
    "content_type": 5,
    "codename": "add_contenttype"
  }
},
{
  "model": "auth.permission",
  "pk": 18,
  "fields": {
    "name": "Can change content type",
    "content_type": 5,
    "codename": "change_contenttype"
  }
},
{
  "model": "auth.permission",
  "pk": 19,
  "fields": {
    "name": "Can delete content type",
    "content_type": 5,
    "codename": "delete_contenttype"
  }
},
{
  "model": "auth.permission",
  "pk": 20,
  "fields": {
    "name": "Can view content type",
    "content_type": 5,
    "codename": "view_contenttype"
  }
},
{
  "model": "auth.permission",
  "pk": 21,
  "fields": {
    "name": "Can add session",
    "content_type": 6,
    "codename": "add_session"
  }
},
{
  "model": "auth.permission",
  "pk": 22,
  "fields": {
    "name": "Can change session",
    "content_type": 6,
    "codename": "change_session"
  }
},
{
  "model": "auth.permission",
  "pk": 23,
  "fields": {
    "name": "Can delete session",
    "content_type": 6,
    "codename": "delete_session"
  }
},
{
  "model": "auth.permission",
  "pk": 24,
  "fields": {
    "name": "Can view session",
    "content_type": 6,
    "codename": "view_session"
  }
},
{
  "model": "auth.permission",
  "pk": 25,
  "fields": {
    "name": "Can add post",
    "content_type": 7,
    "codename": "add_post"
  }
},
{
  "model": "auth.permission",
  "pk": 26,
  "fields": {
    "name": "Can change post",
    "content_type": 7,
    "codename": "change_post"
  }
},
{
  "model": "auth.permission",
  "pk": 27,
  "fields": {
    "name": "Can delete post",
    "content_type": 7,
    "codename": "delete_post"
  }
},
{
  "model": "auth.permission",
  "pk": 28,
  "fields": {
    "name": "Can view post",
    "content_type": 7,
    "codename": "view_post"
  }
},
{
  "model": "auth.permission",
  "pk": 29,
  "fields": {
    "name": "Can add comment",
    "content_type": 8,
    "codename": "add_comment"
  }
},
{
  "model": "auth.permission",
  "pk": 30,
  "fields": {
    "name": "Can change comment",
    "content_type": 8,
    "codename": "change_comment"
  }
},
{
  "model": "auth.permission",
  "pk": 31,
  "fields": {
    "name": "Can delete comment",
    "content_type": 8,
    "codename": "delete_comment"
  }
},
{
  "model": "auth.permission",
  "pk": 32,
  "fields": {
    "name": "Can view comment",
    "content_type": 8,
    "codename": "view_comment"
  }
},
{
  "model": "auth.permission",
  "pk": 33,
  "fields": {
    "name": "Can add tag",
    "content_type": 9,
    "codename": "add_tag"
  }
},
{
  "model": "auth.permission",
  "pk": 34,
  "fields": {
    "name": "Can change tag",
    "content_type": 9,
    "codename": "change_tag"
  }
},
{
  "model": "auth.permission",
  "pk": 35,
  "fields": {
    "name": "Can delete tag",
    "content_type": 9,
    "codename": "delete_tag"
  }
},
{
  "model": "auth.permission",
  "pk": 36,
  "fields": {
    "name": "Can view tag",
    "content_type": 9,
    "codename": "view_tag"
  }
},
{
  "model": "auth.permission",
  "pk": 37,
  "fields": {
    "name": "Can add tagged item",
    "content_type": 10,
    "codename": "add_taggeditem"
  }
},
{
  "model": "auth.permission",
  "pk": 38,
  "fields": {
    "name": "Can change tagged item",
    "content_type": 10,
    "codename": "change_taggeditem"
  }
},
{
  "model": "auth.permission",
  "pk": 39,
  "fields": {
    "name": "Can delete tagged item",
    "content_type": 10,
    "codename": "delete_taggeditem"
  }
},
{
  "model": "auth.permission",
  "pk": 40,
  "fields": {
    "name": "Can view tagged item",
    "content_type": 10,
    "codename": "view_taggeditem"
  }
},
{
  "model": "auth.permission",
  "pk": 41,
  "fields": {
    "name": "Can add site",
    "content_type": 11,
    "codename": "add_site"
  }
},
{
  "model": "auth.permission",
  "pk": 42,
  "fields": {
    "name": "Can change site",
    "content_type": 11,
    "codename": "change_site"
  }
},
{
  "model": "auth.permission",
  "pk": 43,
  "fields": {
    "name": "Can delete site",
    "content_type": 11,
    "codename": "delete_site"
  }
},
{
  "model": "auth.permission",
  "pk": 44,
  "fields": {
    "name": "Can view site",
    "content_type": 11,
    "codename": "view_site"
  }
},
{
  "model": "auth.user",
  "pk": 1,
  "fields": {
    "password": "pbkdf2_sha256$720000$FiNpNn2gcrZglWQJh3DCIX$ij1kXAetAJepadJdtnZzm1Oda860qZvpGFKGkJdm9nQ=",
    "last_login": "2024-06-04T10:06:39.730Z",
    "is_superuser": true,
    "username": "admin",
    "first_name": "",
    "last_name": "",
    "email": "admin@admin.com",
    "is_staff": true,
    "is_active": true,
    "date_joined": "2024-05-28T07:35:20.861Z",
    "groups": [],
    "user_permissions": []
  }
},
{
  "model": "contenttypes.contenttype",
  "pk": 1,
  "fields": {
    "app_label": "admin",
    "model": "logentry"
  }
},
{
  "model": "contenttypes.contenttype",
  "pk": 2,
  "fields": {
    "app_label": "auth",
    "model": "permission"
  }
},
{
  "model": "contenttypes.contenttype",
  "pk": 3,
  "fields": {
    "app_label": "auth",
    "model": "group"
  }
},
{
  "model": "contenttypes.contenttype",
  "pk": 4,
  "fields": {
    "app_label": "auth",
    "model": "user"
  }
},
{
  "model": "contenttypes.contenttype",
  "pk": 5,
  "fields": {
    "app_label": "contenttypes",
    "model": "contenttype"
  }
},
{
  "model": "contenttypes.contenttype",
  "pk": 6,
  "fields": {
    "app_label": "sessions",
    "model": "session"
  }
},
{
  "model": "contenttypes.contenttype",
  "pk": 7,
  "fields": {
    "app_label": "blog",
    "model": "post"
  }
},
{
  "model": "contenttypes.contenttype",
  "pk": 8,
  "fields": {
    "app_label": "blog",
    "model": "comment"
  }
},
{
  "model": "contenttypes.contenttype",
  "pk": 9,
  "fields": {
    "app_label": "taggit",
    "model": "tag"
  }
},
{
  "model": "contenttypes.contenttype",
  "pk": 10,
  "fields": {
    "app_label": "taggit",
    "model": "taggeditem"
  }
},
{
  "model": "contenttypes.contenttype",
  "pk": 11,
  "fields": {
    "app_label": "sites",
    "model": "site"
  }
},
{
  "model": "sessions.session",
  "pk": "12z35w947ulq6r8e2b41qepd2c4qbgw5",
  "fields": {
    "session_data": ".eJxVjMEOwiAQRP-FsyGsVth69O43kF1gpWogKe3J-O_SpAdN5jLzZuatPK1L9mtLs5-iuihQh9-MKTxT2UB8ULlXHWpZ5on1VtE7bfpWY3pd9-7fQaaW-zoxcheRSxiDdcR2sHB0NLCY0Z4FpYfAZpTuUEAEo7HAAMh4IvX5Agy-OHI:1sBrO3:FglveWH38Hl7WyK6DivllqosRWbBrIfIpj-TqwG4jHg",
    "expire_date": "2024-06-11T07:36:47.349Z"
  }
},
{
  "model": "sessions.session",
  "pk": "acpbq5ox2sokalz92uqzc6t8rhpv191h",
  "fields": {
    "session_data": ".eJxVjMEOwiAQRP-FsyGsVth69O43kF1gpWogKe3J-O_SpAdN5jLzZuatPK1L9mtLs5-iuihQh9-MKTxT2UB8ULlXHWpZ5on1VtE7bfpWY3pd9-7fQaaW-zoxcheRSxiDdcR2sHB0NLCY0Z4FpYfAZpTuUEAEo7HAAMh4IvX5Agy-OHI:1sER3v:2DedZ5eC5CupyRxudWPOS4MGwWB8ELB71rpWepirM88",
    "expire_date": "2024-06-18T10:06:39.734Z"
  }
},
{
  "model": "sites.site",
  "pk": 1,
  "fields": {
    "domain": "example.com",
    "name": "example.com"
  }
},
{
  "model": "blog.post",
  "pk": 1,
  "fields": {
    "title": "Kim był Django Reinhardt?",
    "slug": "kim-byli-django-reinhardt",
    "author": 1,
    "body": "Bababoe",
    "publish": "2024-05-28T07:46:17Z",
    "created": "2024-05-28T07:47:15.698Z",
    "updated": "2024-06-04T14:49:25.997Z",
    "status": "PB"
  }
},
{
  "model": "blog.post",
  "pk": 2,
  "fields": {
    "title": "Kto to Rafał Tomczyk?",
    "slug": "kto-to-rafal-tomczyk",
    "author": 1,
    "body": "To jest informatyk klasa światowa",
    "publish": "2024-05-28T07:55:29Z",
    "created": "2024-05-28T07:56:14.264Z",
    "updated": "2024-06-04T14:29:18.256Z",
    "status": "PB"
  }
},
{
  "model": "blog.post",
  "pk": 3,
  "fields": {
    "title": "Nowy, zmieniony tytul",
    "slug": "inny-post",
    "author": 1,
    "body": "Treść nowego posta",
    "publish": "2024-05-28T08:00:15Z",
    "created": "2024-05-28T08:00:20.949Z",
    "updated": "2024-05-30T09:53:33.190Z",
    "status": "PB"
  }
},
{
  "model": "blog.post",
  "pk": 4,
  "fields": {
    "title": "Kolejny post",
    "slug": "kolejny-post",
    "author": 1,
    "body": "jakas tam tresc",
    "publish": "2024-05-28T08:02:57Z",
    "created": "2024-05-28T08:02:57.073Z",
    "updated": "2024-05-28T12:46:32.796Z",
    "status": "PB"
  }
},
{
  "model": "blog.post",
  "pk": 5,
  "fields": {
    "title": "The Benefits of Mindfulness Meditation",
    "slug": "the-benefits-of-mindfulness-meditation",
    "author": 1,
    "body": "In our fast-paced world, it's easy to feel overwhelmed and stressed. The constant barrage of information and the demands of daily life can take a toll on our mental and physical well-being. One powerful tool that has been gaining popularity for its profound benefits is mindfulness meditation.",
    "publish": "2024-06-05T09:46:49Z",
    "created": "2024-06-05T09:47:24.485Z",
    "updated": "2024-06-05T09:47:24.485Z",
    "status": "PB"
  }
},
{
  "model": "blog.post",
  "pk": 6,
  "fields": {
    "title": "Exploring the Wonders of Nature: A Hike to Remember",
    "slug": "exploring-the-wonders-of-nature-a-hike-to-remember",
    "author": 1,
    "body": "Our journey took us to the breathtaking Emerald Trail, known for its lush greenery, cascading waterfalls, and panoramic views. Nestled in the heart of the mountains, this trail promised an unforgettable experience for nature enthusiasts and adventure seekers alike.\r\n\r\nThe Journey Begins\r\n\r\nAs we set off on our hike early in the morning, the crisp, fresh air filled our lungs, and the sound of birds chirping welcomed us to the trail. The path, adorned with vibrant wildflowers and towering trees, led us deeper into the wilderness.\r\n\r\nA Symphony of Nature\r\n\r\nOne of the most enchanting aspects of the hike was the symphony of nature that accompanied us along the way. The gentle rustling of leaves, the distant murmur of a flowing stream, and the occasional call of wildlife created a serene ambiance that soothed our senses.\r\n\r\nReaching the Waterfall\r\n\r\nAfter a few hours of trekking, we reached the highlight of our journey—the majestic Emerald Waterfall. The sight was nothing short of awe-inspiring. Crystal-clear water cascaded down the rocky cliffs, creating a mesmerizing display of nature’s beauty. We took a moment to bask in the refreshing mist and captured the scene with our cameras, knowing that pictures could hardly do it justice.\r\n\r\nThe Summit: A View to Remember\r\n\r\nContinuing our ascent, we finally reached the summit of the trail. The panoramic view that greeted us was worth every step. From this vantage point, we could see the sprawling valleys below, the winding rivers, and the distant peaks shrouded in mist. It was a humbling reminder of the grandeur and majesty of the natural world.",
    "publish": "2024-06-05T09:47:26Z",
    "created": "2024-06-05T09:48:04.509Z",
    "updated": "2024-06-05T09:48:04.509Z",
    "status": "PB"
  }
},
{
  "model": "blog.post",
  "pk": 7,
  "fields": {
    "title": "The Rise of Remote Work: Pros and Cons",
    "slug": "the-rise-of-remote-work-pros-and-cons",
    "author": 1,
    "body": "Pros of Remote Work\r\n\r\nIncreased Flexibility\r\nRemote work provides employees with greater flexibility to manage their schedules. This flexibility can lead to improved work-life balance, allowing individuals to spend more time with family, pursue hobbies, or handle personal tasks.\r\n\r\nReduced Commute Stress\r\nEliminating the daily commute saves time and money and reduces stress. Employees can use this extra time for productive activities or relaxation, contributing to overall well-being.\r\n\r\nCost Savings\r\nWorking from home can lead to significant cost savings for both employees and employers. Employees save on commuting, meals, and work attire, while employers can reduce expenses related to office space and utilities.\r\n\r\nIncreased Productivity\r\nMany remote workers report higher productivity levels due to fewer office distractions and the ability to create a personalized work environment. This can lead to better job performance and satisfaction.\r\n\r\nAccess to a Global Talent Pool\r\nRemote work allows companies to hire talent from anywhere in the world, expanding their access to skilled professionals. This can lead to more diverse and innovative teams.\r\n\r\nCons of Remote Work\r\n\r\nIsolation and Loneliness\r\nWorking remotely can lead to feelings of isolation and loneliness, especially for those who thrive on social interactions. Lack of in-person communication can also affect team dynamics and collaboration.\r\n\r\nBlurring of Work-Life Boundaries\r\nWithout a clear separation between work and home, it can be challenging to disconnect from work. This can lead to burnout and decreased overall well-being if not managed properly.\r\n\r\nCommunication Challenges\r\nRemote work relies heavily on digital communication tools, which can sometimes lead to misunderstandings and miscommunications. The lack of face-to-face interaction can also hinder relationship-building among colleagues.\r\n\r\nDependence on Technology\r\nRemote work requires a reliable internet connection and access to necessary technology. Technical issues can disrupt workflow and productivity, and not all employees may have an optimal home office setup.\r\n\r\nManagement and Supervision\r\nManaging remote teams requires different skills and strategies compared to in-person management. Supervisors may find it challenging to monitor performance and provide support effectively.\r\n\r\nFinding the Right Balance\r\n\r\nThe key to successful remote work lies in finding the right balance. Here are some tips for employees and employers:\r\n\r\nFor Employees:\r\n\r\nCreate a Dedicated Workspace: Set up a specific area for work to help maintain a clear boundary between work and personal life.\r\nEstablish a Routine: Stick to a consistent schedule to stay organized and productive.\r\nStay Connected: Make an effort to connect with colleagues through virtual meetings, chats, and social interactions.\r\nFor Employers:\r\n\r\nProvide Resources: Ensure employees have the necessary tools and support to work effectively from home.\r\nFoster Communication: Encourage open and transparent communication to build trust and maintain team cohesion.\r\nFocus on Outcomes: Shift the focus from hours worked to outcomes achieved to measure performance more effectively.",
    "publish": "2024-06-05T09:48:17Z",
    "created": "2024-06-05T09:48:42.316Z",
    "updated": "2024-06-05T09:48:53.908Z",
    "status": "PB"
  }
},
{
  "model": "blog.post",
  "pk": 8,
  "fields": {
    "title": "To jest post sformatowany za pomocą składni markdown",
    "slug": "to-jest-post-sformatowany-za-pomoca-skladni-markdown",
    "author": 1,
    "body": "*Ten zapis oznacza wyróżnienie*, natomiast **ten pogrubienie**.\r\n\r\nPoniżej mamy listę:\r\n* Jeden\r\n* Dwa \r\n* Trzy\r\n\r\nTutaj jest [łącze do wytryny Django](https://www.djangoproject.com/)",
    "publish": "2024-06-06T10:25:07Z",
    "created": "2024-06-06T10:27:14.352Z",
    "updated": "2024-06-06T10:27:14.352Z",
    "status": "PB"
  }
},
{
  "model": "blog.comment",
  "pk": 1,
  "fields": {
    "post": 2,
    "name": "Rafał Tomczyk",
    "email": "rafal.tomczyk2000@gmail.com",
    "body": "Buuuuu",
    "created": "2024-06-04T10:06:54.966Z",
    "updated": "2024-06-04T10:06:54.966Z",
    "active": true
  }
},
{
  "model": "blog.comment",
  "pk": 2,
  "fields": {
    "post": 2,
    "name": "eee",
    "email": "rafal.tomczyk2000@gmail.com",
    "body": "Co tam?",
    "created": "2024-06-04T12:48:07.901Z",
    "updated": "2024-06-04T12:48:07.901Z",
    "active": true
  }
},
{
  "model": "blog.comment",
  "pk": 3,
  "fields": {
    "post": 2,
    "name": "eee",
    "email": "rafal.tomczyk2000@gmail.com",
    "body": "Co tam?",
    "created": "2024-06-04T12:48:23.827Z",
    "updated": "2024-06-04T12:48:23.827Z",
    "active": true
  }
},
{
  "model": "blog.comment",
  "pk": 4,
  "fields": {
    "post": 2,
    "name": "Rafał Tomczyk",
    "email": "rafal.tomczyk2000@gmail.com",
    "body": "Ciekawe czy teraz działa?",
    "created": "2024-06-04T12:48:38.585Z",
    "updated": "2024-06-04T12:48:38.585Z",
    "active": true
  }
},
{
  "model": "blog.comment",
  "pk": 5,
  "fields": {
    "post": 2,
    "name": "Didikong",
    "email": "rafal.tomczyk2000@gmail.com",
    "body": "Didikong for the win",
    "created": "2024-06-04T12:49:09.503Z",
    "updated": "2024-06-04T12:49:09.503Z",
    "active": true
  }
},
{
  "model": "taggit.tag",
  "pk": 1,
  "fields": {
    "name": "muzyka",
    "slug": "muzyka"
  }
},
{
  "model": "taggit.tag",
  "pk": 2,
  "fields": {
    "name": "django",
    "slug": "django"
  }
},
{
  "model": "taggit.tag",
  "pk": 3,
  "fields": {
    "name": "jazz",
    "slug": "jazz"
  }
},
{
  "model": "taggit.tag",
  "pk": 4,
  "fields": {
    "name": "kto-to",
    "slug": "kto-to"
  }
},
{
  "model": "taggit.tag",
  "pk": 5,
  "fields": {
    "name": "ang",
    "slug": "ang"
  }
},
{
  "model": "taggit.tag",
  "pk": 6,
  "fields": {
    "name": "tutorial",
    "slug": "tutorial"
  }
},
{
  "model": "taggit.tag",
  "pk": 7,
  "fields": {
    "name": "meditation",
    "slug": "meditation"
  }
},
{
  "model": "taggit.tag",
  "pk": 8,
  "fields": {
    "name": "adventure",
    "slug": "adventure"
  }
},
{
  "model": "taggit.tag",
  "pk": 9,
  "fields": {
    "name": "story",
    "slug": "story"
  }
},
{
  "model": "taggit.tag",
  "pk": 10,
  "fields": {
    "name": "remote work",
    "slug": "remote-work"
  }
},
{
  "model": "taggit.tag",
  "pk": 11,
  "fields": {
    "name": "cons",
    "slug": "cons"
  }
},
{
  "model": "taggit.tag",
  "pk": 12,
  "fields": {
    "name": "pros",
    "slug": "pros"
  }
},
{
  "model": "taggit.tag",
  "pk": 13,
  "fields": {
    "name": "pl",
    "slug": "pl"
  }
},
{
  "model": "taggit.tag",
  "pk": 14,
  "fields": {
    "name": "markdown",
    "slug": "markdown"
  }
},
{
  "model": "taggit.taggeditem",
  "pk": 1,
  "fields": {
    "tag": 1,
    "content_type": 7,
    "object_id": 1
  }
},
{
  "model": "taggit.taggeditem",
  "pk": 3,
  "fields": {
    "tag": 3,
    "content_type": 7,
    "object_id": 1
  }
},
{
  "model": "taggit.taggeditem",
  "pk": 4,
  "fields": {
    "tag": 4,
    "content_type": 7,
    "object_id": 2
  }
},
{
  "model": "taggit.taggeditem",
  "pk": 5,
  "fields": {
    "tag": 4,
    "content_type": 7,
    "object_id": 1
  }
},
{
  "model": "taggit.taggeditem",
  "pk": 6,
  "fields": {
    "tag": 5,
    "content_type": 7,
    "object_id": 5
  }
},
{
  "model": "taggit.taggeditem",
  "pk": 7,
  "fields": {
    "tag": 6,
    "content_type": 7,
    "object_id": 5
  }
},
{
  "model": "taggit.taggeditem",
  "pk": 8,
  "fields": {
    "tag": 7,
    "content_type": 7,
    "object_id": 5
  }
},
{
  "model": "taggit.taggeditem",
  "pk": 9,
  "fields": {
    "tag": 8,
    "content_type": 7,
    "object_id": 6
  }
},
{
  "model": "taggit.taggeditem",
  "pk": 10,
  "fields": {
    "tag": 9,
    "content_type": 7,
    "object_id": 6
  }
},
{
  "model": "taggit.taggeditem",
  "pk": 11,
  "fields": {
    "tag": 5,
    "content_type": 7,
    "object_id": 6
  }
},
{
  "model": "taggit.taggeditem",
  "pk": 12,
  "fields": {
    "tag": 10,
    "content_type": 7,
    "object_id": 7
  }
},
{
  "model": "taggit.taggeditem",
  "pk": 13,
  "fields": {
    "tag": 11,
    "content_type": 7,
    "object_id": 7
  }
},
{
  "model": "taggit.taggeditem",
  "pk": 14,
  "fields": {
    "tag": 12,
    "content_type": 7,
    "object_id": 7
  }
},
{
  "model": "taggit.taggeditem",
  "pk": 15,
  "fields": {
    "tag": 5,
    "content_type": 7,
    "object_id": 7
  }
},
{
  "model": "taggit.taggeditem",
  "pk": 16,
  "fields": {
    "tag": 13,
    "content_type": 7,
    "object_id": 8
  }
},
{
  "model": "taggit.taggeditem",
  "pk": 17,
  "fields": {
    "tag": 14,
    "content_type": 7,
    "object_id": 8
  }
}
]
